NULL,[ + + ],18/08/20,hi_high.jpeg,1,NULL
NULL,[ x x ],19/02/19,butterfly.jpeg,1,NULL
NULL,[ # ],20/02/05,so_what.jpeg,1,NULL
NULL,Love & Live,17/03/13,love_live.png,2,NULL
NULL,Love & Evil,17/04/27,love_evil.jpg,2,NULL
NULL,Mix & Match,17/09/21,mix_match.jpg,3,NULL
NULL,Max & Match,17/10/31,max_match.jpg,3,NULL
NULL,Beauty & the Beat,18/05/30,yyxy.jpeg,4,NULL
NULL,Version Up,23/07/12,version_up.jpg,3,NULL
NULL,Loossemble,23/09/15,loossemble.jpeg,6,NULL
NULL,Howl,23/10/18,10_2.jpeg,NULL,10
NULL,K,23/10/31,1_2.jpg,NULL,1
