NULL,12 00,15,1200.mp3
NULL,A Different Night,14,ADifferentNight.mp3
NULL,&,14,AND.mp3
NULL,Be Honest,14,BeHonest.mp3
NULL,D1,9,D1.mp3
NULL,Dance On My Own,14,DanceOnMyOwn.mp3
NULL,Eclipse,6,Eclipse.mp3
NULL,Egoist,12,Egoist.mp3
NULL,Everyday I Love You,5,EverydayILoveYou.mp3
NULL,Flip That,13,FlipThat.mp3
NULL,Girls Talk,10,GirlsTalk.mp3
NULL,Heart Attack,10,HeartAttack.mp3
NULL,Hide & Seek,14,HideNSeek.mp3
NULL,Ill Be There,2,IllBeThere.mp3
NULL,Kiss Later,4,KissLater.mp3
NULL,Let Me In,3,LetMeIn.mp3
NULL,Love Cherry Motion,8,LoveCherryMotion.mp3
NULL,Love Letter,7,LoveLetter.mp3
NULL,Need U,13,NeedU.mp3
NULL,New ,9,New.mp3
NULL,One & Only,11,OneNOnly.mp3
NULL,OopsÂ !,15,Oops.mp3
NULL,Pale Blue Dot,13,PaleBlueDot.mp3
NULL,Playback,13,Playback.mp3
NULL,POSE,13,POSE.mp3
NULL,PTT,14,PTT.mp3
NULL,Puzzle,8,Puzzle.mp3
NULL,See Saw,11,SeeSaw.mp3
NULL,Singing in the Rain,7,SingingInTheRain.mp3
NULL,Star,15,Star.mp3
NULL,The Journey,13,TheJourney.mp3
NULL,Twilight,6,Twilight.mp3
NULL,Universe,15,Universe.mp3
NULL,U R,14,UR.mp3
NULL,ViViD,1,ViViD.mp3
NULL,Voice,15,Voice.mp3
NULL,Why Not,15,WhyNot.mp3
NULL,WOW,14,WOW.mp3
