NULL,365,18,365.mp3
NULL,ADD,22,ADD.mp3
NULL,Addiction,27,Addiction.mp3
NULL,Air Force One,24,AirForceOne.mp3
NULL,Algorithm,27,Algorithm.mp3
NULL,Aliens,26,Aliens.mp3
NULL,Butterfly,17,Butterfly.mp3
NULL,Chaotic,21,Chaotic.mp3
NULL,Chaotic,22,Chaotic.mp3
NULL,Colors,17,Colors.mp3
NULL,Colouring,25,Colouring.mp3
NULL,Curiosity,16,Curiosity.mp3
NULL,Curiosity,17,Curiosity.mp3
NULL,dal segno,23,dalsegno.mp3
NULL,Day By Day,25,DayByDay.mp3
NULL,Did You Wait,24,DidYouWait.mp3
NULL,Ding Ding Dong,18,DingDingDong.mp3
NULL,Fairy Tale,20,FairyTale.mp3
NULL,Fairy Tale,19,FairyTale.mp3
NULL,favOriTe,16,favOriTe.mp3
NULL,favOriTe,17,favOriTe.mp3
NULL,frozen,23,frozen.mp3
NULL,Girl Front,22,GirlFront.mp3
NULL,Girl Front,21,GirlFront.mp3
NULL,Heat ,17,Heat.mp3
NULL,Hi High,17,HiHigh.mp3
NULL,Heat ,16,Heat.mp3
NULL,Hi High,16,HiHigh.mp3
NULL,Hitchhiker,26,Hitchhiker.mp3
NULL,Howl,26,Howl.mp3
NULL,Into The New Heart,19,IntoTheNewHeart.mp3
NULL,Je Ne Sais Quoi,24,JeNeSaisQuoi.mp3
NULL,Kehwa,27,Kehwa.mp3
NULL,LOONATIC,21,LOONATIC.mp3
NULL,LOONATIC,22,LOONATIC.mp3
NULL,love4eva,23,love4eva.mp3
NULL,Love Me Like,24,LoveMeLike.mp3
NULL,Love & Evil,20,LoveNEvil.mp3
NULL,Love & Live,19,LoveNLive.mp3
NULL,Love & Live,20,LoveNLive.mp3
NULL,My Palace,26,MyPalace.mp3
NULL,My Secret Playlist,24,MySecretPlaylist.mp3
NULL,Newtopia,25,Newtopia.mp3
NULL,Nokia,27,Nokia.mp3
NULL,Number 1,18,Number1.mp3
NULL,ODD,21,ODD.mp3
NULL,Oh (Yes I Am),18,Oh.mp3
NULL,one way,23,oneway.mp3
NULL,Perfect Love,16,PerfectLove.mp3
NULL,Perfect Love,17,PerfectLove.mp3
NULL,++,16,plus.mp3
NULL,Rain 51db,20,Rain51db.mp3
NULL,Real World,25,RealWorld.mp3
NULL,rendez vous 18.6y,23,rendezvous.mp3
NULL,Sad Girls Club,27,SadGirlsClub.mp3
NULL,Satellite,17,Satellite.mp3
NULL,Sensitive,25,Sensitive.mp3
NULL,Sensitive (Eng.),25,SensitiveEng.mp3
NULL,Sonatine,20,Sonatine.mp3
NULL,So What,18,SoWhat.mp3
NULL,Starlight,21,Starlight.mp3
NULL,Starlight,22,Starlight.mp3
NULL,Strawberry Soda,25,StrawberrySoda.mp3
NULL,Stylish,16,Stylish.mp3
NULL,Stylish,17,Stylish.mp3
NULL,Underwater,26,Underwater.mp3
NULL,Valentine Girl,19,ValentineGirl.mp3
NULL,Valentine Girl,20,ValentineGirl.mp3
NULL,Video Game,27,VideoGame.mp3
NULL,X X,16,XX.mp3
NULL,You And Me Together,19,YouAndMeTogether.mp3
NULL,You And Me Together,20,YouAndMeTogether.mp3
NULL,#,18,hastag.mp3
NULL,sweet crazy love,22,sweetcrazylove.mp3
NULL,Uncover,22,Uncover.mp3
NULL,Odd Front,22,OddFront.mp3
NULL,Where you at ,17,Whereyouat.mp3
NULL,,,
